title,year,rating,genres,locations
Dune ,1984,6.5,"Action,Adventure","Estudios Churubusco Azteca, Mexico City, Distrito Federal, Mexico
,Samalayuca, Chihuahua, Mexico
,Yuma, Arizona, USA
,Zzyzx, California, USA
,Churubusco Studios, Mexico City, Distrito Federal, Mexico
,Pinacate and Grand Desert of Altar, Sonora, Mexico
,Puerto Penasco, Sonora, Mexico
,Altar, Sonora, Mexico
,Sierra Pinacate, Sonora, Mexico
,Arizona, USA
,Imperial County, California, USA
,USA
,California, USA
,Mexico
"
The Holy Mountain ,1973,7.9,"Adventure,Drama","Chichén Itzá, Yucatán, Mexico
,Ciudad Satélite, Mexico City, Distrito Federal, Mexico
,Gimnasio Olímpico, Mexico City, Distrito Federal, Mexico
,Isla Mujeres, Quintana Roo, Mexico
,Uxmal, Yucatán, Mexico
,Mexico
,Estudios América, Mexico City, Distrito Federal, Mexico
,La Merced, Mexico City, Distrito Federal, Mexico
,Palacio de los deportes, Mexico City, Distrito Federal, Mexico
,Parque Izta-Popo, Mexico
,Paso de Cortés, Mexico
,Preparatoria 2, Mexico City, Distrito Federal, Mexico
,Teotihuacán, San Juan Teotihuacán, Estado de México, Mexico
,Volcán Iztaccíhualt, Puebla, Mexico
,Plaza de la Constitucion, Mexico City, Distrito Federal, Mexico
,Villa de Guadalupe, Mexico City, Distrito Federal, Mexico
"
Blow ,2001,7.6,"Biography,Crime","Ontario International Airport - 2900 E. Airport Drive, Ontario, California, USA
,Whittier, California, USA
,Long Beach, California, USA
,Los Angeles, California, USA
,Manhattan Beach, California, USA
,Mexico
,Ontario, California, USA
,Palmdale, California, USA
,Pasadena, California, USA
,Spring Street Towers - 650 S. Spring Street, Downtown, Los Angeles, California, USA
,Acapulco, Guerrero, Mexico
,Bel Air, Los Angeles, California, USA
,Chicago, Illinois, USA
,918 N Alpine Dr, Beverly Hills, California, USA
,Ambassador Hotel - 3400 Wilshire Boulevard, Los Angeles, California, USA
,California, USA
,USA
"
"Honey, I Shrunk the Kids ",1989,6.4,"Adventure,Comedy","Estudios Churubusco Azteca, Mexico City, Distrito Federal, Mexico
,Mexico City, Distrito Federal, Mexico
,Vancouver, British Columbia, Canada
,Beverly Hills, California, USA
,Los Angeles, California, USA
,San Diego, California, USA
"
Fighting with My Family ,2019,7.1,"Biography,Comedy","Bracknell, Berkshire, England, UK
,Norwich, Norfolk, England, UK
,Norwich, Norfolk, England, UK
,Great Yarmouth, Norfolk, England, UK
,Santa Clarita, California, USA
,Citizens Business Bank Arena - 4000 E. Ontario Center Parkway, Ontario, California, USA
,Staples Center - 1111 S. Figueroa Street, Downtown, Los Angeles, California, USA
,Orlando, Florida, USA
,Long Beach, California, USA
"
The Witches ,2020,,"Adventure,Comedy","Surrey, England, UK
"
Dora and the Lost City of Gold ,2019,6.1,"Adventure,Comedy","Tarapoto, Peru
,Village Roadshow Studios, Oxenford, Queensland, Australia
,Lima, Peru
,Brisbane, Queensland, Australia
,Peru
,Australia
"
Sicario: Day of the Soldado ,2018,7.1,"Action,Adventure","USA
,Avenida Santa Fe 485, Cuajimalpa, Mexico City, Mexico
,Albuquerque, New Mexico, USA
,Cottonwood Mall, 10000 Coors Blvd Bypass NW, Albuquerque, New Mexico, USA
,Mexico City, Mexico
,900 Walter St SE Albuquerque, New Mexico, USA
,Mexico
,31 Av. 5 de Mayo, Mexico City
,Calle 11 Chalco de Díaz Covarrubias, Mexico
,71 República de Perú, Mexico City, Mexico
"
Predator ,1987,7.8,"Action,Adventure","Jalisco, Mexico
,Palenque, Chiapas, Mexico
,Puerto Vallarta, Jalisco, Mexico
,Sierra Madre del Sur de Oaxaca, Mexico
,Sierra Madre del Sur de Chiapas, Mexico
"
From Dusk Till Dawn ,1996,7.2,"Action,Crime","Calico Dry Lake, California, USA
,Barstow, California, USA
,Chihuahua, Mexico
,Lancaster, California, USA
,Los Angeles, California, USA
,Redmond, Washington, USA
,Seattle, Washington, USA
"
Romeo + Juliet ,1996,6.7,"Drama,Romance","Chapultepec Castle, Chapultepec Park, Mexico City, Distrito Federal, Mexico
,Alameda, California, USA
,Estudios Churubusco Azteca, Mexico City, Distrito Federal, Mexico
,Mexico City, Distrito Federal, Mexico
,Texcoco, Estado de México, Mexico
,Veracruz, Mexico
,Mexico City, Distrito Federal, Mexico
"
Silence ,2016,7.2,"Drama,History","Taiwan
,Taipei City, Taiwan
,Hualien, Taiwan
,Macau, China
,CMPC Studio, Taipei City, Taiwan
,Beitou, Taipei City, Taiwan
,Taichung, Taiwan
,Yangmingshan National Park, Taipei City, Taiwan
"
Annette ,2021,,"Drama,Musical","Münster, Germany
,Kunstmuseum, Bonn, North Rhine-Westphalia, Germany
,Dusseldorf, Germany
,Wales, UK
,MMC-Studios Cologne, Germany
,Brussels, Brussels-Capital, Belgium
"
Pan's Labyrinth ,2006,8.2,"Drama,Fantasy","El Espinar, Segovia, Castilla y León, Spain
,Segovia, Castilla y León, Spain
,Belchite, Zaragoza, Aragón, Spain
,Sierra de Guadarrama mountain range, Madrid, Spain
,Spain
,Algete, Madrid, Spain
"
Gravity ,2013,7.7,"Drama,Sci-Fi","Space
,Lake Powell, Arizona, USA
,Shepperton Studios, Shepperton, Surrey, England, UK
,Pinewood Studios, Iver Heath, Buckinghamshire, England, UK
,B Stage, Pinewood Studios, Iver Heath, Buckinghamshire, England, UK
,B Stage, Shepperton Studios, Shepperton, Surrey, England, UK
,C Stage, Pinewood Studios, Iver Heath, Buckinghamshire, England, UK
,C Stage, Shepperton Studios, Shepperton, Surrey, England, UK
,R Stage, Shepperton Studios, Shepperton, Surrey, England, UK
,S Stage, Shepperton Studios, Shepperton, Surrey, England, UK
,T Stage, Shepperton Studios, Shepperton, Surrey, England, UK
,W Stage, Shepperton Studios, Shepperton, Surrey, England, UK
"
Total Recall ,1990,7.5,"Action,Sci-Fi","Heroico Colegio Militar, Mexico City, Distrito Federal, Mexico
,Estudios Churubusco Azteca, Mexico City, Distrito Federal, Mexico
,Valley of Fire State Park - Route 169, Overton, Nevada, USA
,Subway System, Mexico City, Distrito Federal, Mexico
,Mexico City, Distrito Federal, Mexico
,Metro Chabacano, Calz. San Antonio Abad, Mexico City, Distrito Federal, Mexico
,280 Av. Barranca del Muerto, Guadalupe Inn, Mexico City, Distrito Federal, Mexico
,Glorieta de Insurgentes - Av. Insurgentes, Cuauhtémoc, Mexico City, Distrito Federal, Mexico
,Mexico
"
Mayans M.C.             ,,7.5,"Crime,Drama",
Instructions Not Included ,2013,7.5,"Comedy,Drama","Acapulco, Guerrero, Mexico
,Los Angeles, California, USA
,Nate Starkman & Son Building - 544 Mateo St, Los Angeles, California, USA
,Hollywood, California, USA
"
Stigmata ,1999,6.2,"Horror,10 September 1999 (USA)
","Pittsburgh, Pennsylvania, USA
,Eastern Columbia Building - 849 S. Broadway, Los Angeles, California, USA
,Rome, Lazio, Italy
,San Francisco, California, USA
,Vancouver, British Columbia, Canada
,Mexico
,Greystone Park & Mansion - 905 Loma Vista Drive, Beverly Hills, California, USA
,Los Angeles, California, USA
,Palace of Fine Arts - 3301 Lyon Street, San Francisco, California, USA
,St. Vincent Catholic Church - 621 W. Adams Blvd., Los Angeles, California, USA
,California, USA
"
Santa Sangre ,1989,7.6,"Drama,Horror","Estudios Churubusco Azteca, Mexico City, Distrito Federal, Mexico
,Mexico City, Distrito Federal, Mexico
,Mexico
"
Get the Gringo ,2012,7.0,"Action,Crime","Brownsville, Texas, USA
,Veracruz, Veracruz, Mexico
,San Diego, California, USA
,Veracruz, Mexico
,Mexico
"
The Devil's Backbone ,2001,7.4,"Drama,Horror","Talamanca del Jarama, Madrid, Spain
,Cubillo de Uceda, Guadalajara, Castilla-La Mancha, Spain
,Madrid, Spain
,Spain
"
A Walk in the Clouds ,1995,6.7,"Drama,Romance","Redwood Cellar, Charles Krug Winery - 2800 Main Street, St. Helena, Napa Valley, California, USA
,San Pedro, Los Angeles, California, USA
,Chapel Hill, North Carolina, USA
,Beringer Vineyards - 2000 Main Street, St. Helena, Napa Valley, California, USA
,Duckhorn Vineyards - 1000 Lodi Lane, St. Helena, Napa Valley, California, USA
,Haywood Vineyards - 18000 Old Winery Road, Sonoma, California, USA
,Mayacamas Vineyards - 1155 Lokoya Road, Napa, Napa Valley, California, USA
,Alverno High School - 200 North Michillinda Avenue, Sierra Madre, California, USA
,Mount Veeder Winery - 1999 Mount Veeder Road, Napa, Napa Valley, California, USA
,Napa, Napa Valley, California, USA
,Napa Valley, California, USA
,City Hall - 100 N. Garfield Avenue, Pasadena, California, USA
,California, USA
"
Someone Has to Die             ,,,"Crime,Drama",
False Identity             ,,7.3,"Drama,TV Series (2018– )
",
The Falcon and the Snowman ,1985,6.8,"Biography,Crime","Tijuana, Baja California Norte, Mexico
,Mexico City, Distrito Federal, Mexico
,Mexico
,Los Angeles, California, USA
,Via Segovia, Palos Verdes Estates, California, USA
,California, USA
,USA
"
Monsters ,2010,6.4,"Adventure,Drama","Texas, USA
,Yaxha, Maya ruins, Guatemala
,Belize
,Costa Rica
,Guatemala
,Mexico
"
Revenge ,1990,6.3,"Action,Crime","Puerto Vallarta, Jalisco, Mexico
,Sierra de Organos, Sombrerete, Zacatecas, Mexico
,Cuernavaca, Morelos, Mexico
,Durango, Mexico
,Mexico City, Distrito Federal, Mexico
,Mexico
"
Collateral Damage ,2002,5.5,"Action,Drama","La Antigua, Veracruz, Mexico
,USA
,Los Angeles, California, USA
,Union Station - 50 Massachusetts Avenue NE, Washington, District of Columbia, USA
,New York City, New York, USA
,Stage 16, Warner Brothers Burbank Studios - 4000 Warner Boulevard, Burbank, California, USA
,Stage 20, Warner Brothers Burbank Studios - 4000 Warner Boulevard, Burbank, California, USA
,Stage 22, Warner Brothers Burbank Studios - 4000 Warner Boulevard, Burbank, California, USA
,Stage 7, Warner Brothers Burbank Studios - 4000 Warner Boulevard, Burbank, California, USA
,Stage 8, Warner Brothers Burbank Studios - 4000 Warner Boulevard, Burbank, California, USA
,Veracruz, Mexico
,Los Angeles Center Studios, Los Angeles, California, USA
"
The Treasure of the Sierra Madre ,1948,8.2,"Adventure,Drama","Tampico, Tamaulipas, Mexico
,Kernville, California, USA
,Mojave Desert, California, USA
,Tucson, Arizona, USA
,Bavispe, Sonora, Mexico
,Yuma, Arizona, USA
,Acapulco, Guerrero, Mexico
,Jungapeo, Michoacán, Mexico
,San Jose Purua, Michoacán, Mexico
,Sierra Madre del Sur, Mexico
,Iverson Ranch - 1 Iverson Lane, Chatsworth, Los Angeles, California, USA
,Mojave Desert, Arizona, USA
,Sierra Madre Occidental, Mexico
,Sierra Madre Occidental, Sonora, Mexico
,Stage 1, Warner Brothers Burbank Studios - 4000 Warner Boulevard, Burbank, California, USA
,Stage 6, Warner Brothers Burbank Studios - 4000 Warner Boulevard, Burbank, California, USA
,Stage 9, Warner Brothers Burbank Studios - 4000 Warner Boulevard, Burbank, California, USA
,Bacerac, Sonora, Mexico
,Sierra de los Ajos, Bavispe, Sonora, Mexico
,Mexico
,Tucson Mountains, Arizona, USA
"
Soy Luna             ,,6.8,"Comedy,Family","Cancún, Mexico
,Buenos Aires, Federal District, Argentina
,Palacio Sans Souci, Buenos Aires, Argentina
,Distrito Arcos, Buenos Aires, Argentina
,Villa La Joya, Cancún, Mexico
,Estudios Baires, Don Torcuato, Buenos Aires, Argentina
"
New Order ,2020,6.5,"Drama,22 October 2020 (Mexico)
",
Biutiful ,2010,7.5,"Drama,Romance","Catalonia, Spain
,Barcelona, Catalonia, Spain
,Santa Coloma de Gramanet, Barcelona, Catalonia, Spain
,Navarra, Spain
,Monte de San Donato Berain, Navarra, Spain
,Badalona, Barcelona, Catalonia, Spain
,Barri del Raval, Barcelona, Catalonia, Spain
,Sierra de Abodi, Navarra, Spain
,Spain
"
Cranston Academy: Monster Zone ,2020,4.9,"Animation,5 August 2020 (Mexico)
",
El Señor de los Cielos             ,,6.8,"Action,Crime",
Control Z             ,,6.9,"Drama,TV Series (2020– )
",
Rio Lobo ,1970,6.8,"Adventure,Romance","Old Tucson - 201 S. Kinney Road, Tucson, Arizona, USA
,Cuernavaca, Morelos, Mexico
,Tucson, Arizona, USA
,Picacho Peak State Park, Arizona, USA
,Sonoran Desert, Arizona, USA
,Sierrita Mountains, Arizona, USA
,Tucson Mountains, Arizona, USA
,Ironwood Forest National Monument, Arizona, USA
,Ruby, Arizona, USA
,Arivaca, Arizona, USA
,Tumacacori, Arizona, USA
,Bavispe, Sonora, Mexico
,Bacerac, Sonora, Mexico
"
On the Road ,2012,6.1,"Adventure,Drama","Bariloche, Río Negro, Argentina
,Patagonia, Argentina
,Calgary, Alberta, Canada
,Erie, Pennsylvania, USA
,Twenty Nine Palms, California, USA
,Phoenix, Arizona, USA
,Puebla, Mexico
,El Sobrante, San Francisco, California, USA
,Bridge City, Louisiana, USA
,Las Vegas, New Mexico, USA
,Lubbock, Texas, USA
,Utica, New York, USA
,Salaberry de Valleyfield, Québec, Canada
,Amite, Louisiana, USA
,Locke, Sacramento, California, USA
,New Orleans, Louisiana, USA
,Hull, Gatineau, Québec, Canada
,Gatineau, Québec, Canada
,Montréal, Québec, Canada
,Lexington, Kentucky, USA
,Los Angeles, California, USA
,Memphis, Tennessee, USA
,Santa Fe, New Mexico, USA
,Springville, Arkansas, USA
,Texarkana, Arkansas, USA
,Mirabel, Québec, Canada
,Nashville, Tennessee, USA
,New York City, New York, USA
,Saint-Charles, Canada
,Arlington, Arizona, USA
,Morgan City, Louisiana, USA
,Grenville sur la Rouge, Québec, Canada
,Hudson, Québec, Canada
,Hull, Québec, Canada
,Vaudreuil Dorion, Québec, Canada
,Mont-Saint-Hilaire, Québec, Canada
,Saint-Jean sur Richelieu, Québec, Canada
,USA
"
Sound of Freedom ,2020,,"Action,Drama",Not available
The Wicker Man ,2006,3.7,"Horror,Mystery","Saturna Island, British Columbia, Canada
,Merritt, British Columbia, Canada
,Vancouver, British Columbia, Canada
,Bowen Island, British Columbia, Canada
,Langley, British Columbia, Canada
,Los Angeles, California, USA
,Upper Nicola, British Columbia, Canada
,British Columbia, Canada
"
Don't Be Afraid of the Dark ,2010,5.6,"Fantasy,Horror","Mount Macedon, Victoria, Australia
,Melbourne, Victoria, Australia
,Central City Studios, Melbourne, Victoria, Australia
"
The Mexican ,2001,6.1,"Adventure,Comedy","Real de Catorce, San Luis Potosí, Mexico
,Tunnel Ogarrio, San Luis Potosí, Mexico
,Ventura Blvd., Studio City, Los Angeles, California, USA
,McCarran International Airport - 5757 Wayne Newton Boulevard, Las Vegas, Nevada, USA
,Belz Factory Outlet Mall - 7400 Las Vegas Boulevard South, Las Vegas, Nevada, USA
,Mexico
,Las Vegas, Nevada, USA
,Summerlin Parkway, Las Vegas, Nevada, USA
,Los Angeles, California, USA
"
The Bridge             ,,7.6,"Crime,Drama","El Paso, Texas, USA
,Tijuana, Baja California Norte, Mexico
,Los Angeles, California, USA
,Juarez, Mexico
"
I Still Know What You Did Last Summer ,1998,4.7,"Horror,Mystery","El Tecuan Marina Resort, Costa Careyes, Jalisco, Mexico
,Costa Careyes, Jalisco, Mexico
,Downtown, Los Angeles, California, USA
,El Tamarindo, Jalisco, Mexico
,University of Southern California, Los Angeles, California, USA
,Alumni Park - 3551 Trousdale Parkway, University of Southern California, Los Angeles, California, USA
,Exposition Park, Los Angeles, California, USA
,Gold Coast, Mexico
,Los Angeles, California, USA
,Sony Pictures Studios - 10202 W. Washington Blvd., Culver City, California, USA
,St. Cecilia's Catholic Church - 4230 Normandie Avenue, Los Angeles, California, USA
"
The House of Flowers             ,,7.7,"Comedy,Drama",
Resident Evil: Extinction ,2007,6.3,"Action,Horror","San Felipe, Baja California Norte, Mexico
,Laguna Salada, Mexicali, Baja California Norte, Mexico
,Rumorosa Pass, Mexicali, Baja California Norte, Mexico
,Churubusco Studios, Mexico City, Distrito Federal, Mexico
,Mexicali, Baja California Norte, Mexico
"
The Orphanage ,2007,7.4,"Drama,Fantasy","Llanes, Oviedo, Asturias, Spain
,Barcelona, Catalonia, Spain
,Playa de Andrín, Llanes, Asturias, Spain
"
Free Willy ,1993,6.0,"Adventure,Drama","Astoria, Oregon, USA
,Portland, Oregon, USA
,Mexico City, Distrito Federal, Mexico
,Cannon Beach, Oregon, USA
,San Juan Islands, Washington, USA
,Burnside Skatepark, Portland, Oregon, USA
,3392 Harrison Ave, Astoria, Oregon, USA
,14th St dock, Astoria, Oregon, USA
,Hammond Marina, Hammond, Oregon, USA
,Six Flags México, Mexico City, Distrito Federal, Mexico
,Ecola State Park - Highway 101, Cannon Beach, Oregon, USA
,Oaks Amusement Park - 7805 SE Oaks Park Way, Portland, Oregon, USA
,Oregon, USA
,Washington, USA
,USA
"
El juego de las llaves             ,,6.7,"Drama,Romance",
Spare Parts ,2015,7.3,"Drama,5 June 2015 (Mexico)
","Albuquerque, New Mexico, USA
"
Once Upon a Time in Mexico ,2003,6.4,"Action,Crime","San Miguel de Allende, Guanajuato, Mexico
,Guanajuato, Mexico
,Querétaro, Mexico
,Mexico
,Austin, Texas, USA
,San Antonio, Texas, USA
"
El Dragón: Return of a Warrior             ,,7.0,"Action,Adventure","Tokyo, Japan
,Miami, Florida, USA
,Mexico City, Mexico
,Madrid, Spain
"
Gringo ,2018,6.1,"Action,Comedy","Veracruz, Veracruz, Mexico
,Naperville, Illinois, USA
,Mexico City, Mexico
,Chicago, Illinois, USA
,Santa Clarita, California, USA
,Lisle, Illinois, USA
,Los Angeles, California, USA
,Tulum, Quintana Roo, Mexico
,Tulum, Mexico
,Illinois, USA
,California, USA
"
Miss Bala ,2019,5.8,"Action,Crime","Monumental Playas de Tijuana, Av. Del Pacífico 4, Tijuana, Baja California Norte, Mexico
,OMNIMAX Cinema, Centro Cultural Tijuana, Paseo de los Héroes 9350, Zona Urbana Rio Tijuana, Mexico
"
Aliens vs. Predator: Requiem ,2007,4.7,"Action,Adventure","Vancouver, British Columbia, Canada
,2283 McAllister Avenue, Port Coquitlam, British Columbia, Canada
,Coquitlam, British Columbia, Canada
,Port Coquitlam, British Columbia, Canada
,British Columbia, Canada
,Canada
,Langley, British Columbia, Canada
"
The Arrival ,1996,6.3,"Sci-Fi,Thriller","Owens Valley, California, USA
,Taxco, Guerrero, Mexico
,Tepoztlán, Estado de Morelos, Mexico
,Grove Street, Bishop, California, USA
,Tula, Hidalgo, Mexico
,1189 N Wilson Avenue, Pasadena, California, USA
,Churubusco Studios, Mexico City, Distrito Federal, Mexico
,Estudios América, Mexico City, Distrito Federal, Mexico
,Centro Nacional de las Artes, Churubusco, Mexico City, Distrito Federal, Mexico
,Owens Valley Radio Observatory, Owens Valley, California, USA
,1199 N Wilson Avenue, Pasadena, California, USA
"
Colombiana ,2011,6.4,"Action,Drama","Mexico City, Distrito Federal, Mexico
,New Orleans, Louisiana, USA
,Union Station- 225 South Canal Street, Chicago, Illinois, USA
,Wicker Park, West Town, Chicago, Illinois, USA
,Chicago, Illinois, USA
,SFP Studios, Bry sur Marne, France
"
Club Dread ,2004,5.7,"Comedy,Horror","El Tamarindo, Jalisco, Mexico
,Hotel Cabo Blanco, Jalisco, Mexico
,Mexico
"
Clear and Present Danger ,1994,6.9,"Action,Crime","Cuernavaca, Morelos, Mexico
,Mexico City, Distrito Federal, Mexico
,Tepoztlán, Morelos, Mexico
,Quito, Ecuador
,Xalapa, Veracruz, Mexico
,Paraíso 3, Barrio de San Miguel, Tepoztlán, Morelos, Mexico
,Arlington National Cemetery, Arlington, Virginia, USA
,Coatepec, Veracruz, Mexico
,Fort Huachuca, Arizona, USA
,John Wayne Airport - 18601 Airport Way, Santa Ana, California, USA
,Nellis Air Force Base, Las Vegas, Nevada, USA
,United States Coast Guard Station Los Angeles-Long Beach, San Pedro, Los Angeles, California, USA
,Santa Clarita, California, USA
,Andrews Air Force Base, Camp Springs, Maryland, USA
,CIA Headquarters, Langley, Virginia, USA
,J. Edgar Hoover FBI Building - 10th Street & Pennsylvania Avenue NW, Washington, District of Columbia, USA
,2039 New Hampshire Avenue NW, Washington, District of Columbia, USA
,Hacienda San Gabriel de las Palmas - Km 41.8 Carretera Federal Cuernavaca - Chilpancingo, Amacuzac, Morelos, Mexico
,Los Alamitos Naval Reserve Center, Los Alamitos, California, USA
,Washington, District of Columbia, USA
,White House - 1600 Pennsylvania Avenue NW, Washington, District of Columbia, USA
,2912 N Street NW, Washington, District of Columbia, USA
,Los Angeles, California, USA
,615 S Rossmore Avenue, Hancock Park, Los Angeles, California, USA
,Paramount Theatre, Paramount Studios, Hollywood, Los Angeles, California, USA
"
Conan the Destroyer ,1984,5.9,"Action,Adventure","Juarez, Mexico
,Yuma, Arizona, USA
,Churubusco Studios, Mexico City, Distrito Federal, Mexico
,Pachuca, Hidalgo, Mexico
,Samalayuca, Chihuahua, Mexico
,Coahuila, Mexico
,Bavispe, Sonora, Mexico
,Durango, Mexico
,Nevado de Toluca, Estado de México, Mexico
"
El Topo ,1970,7.4,"Drama,Western","Cañón de la Huasteca, Santa Catarina, Nuevo León, Mexico
,Grutas de Villa García, Nuevo León, Mexico
,Bavispe, Sonora, Mexico
,Samalayuca, Chihuahua, Mexico
,Durango, Mexico
,Sierra Pinacate, Sonora, Mexico
,Monterrey, Nuevo León, Mexico
,Pachuca, Hidalgo, Mexico
,San Luis Potosí, Mexico
,Torreón, Coahuíla, Mexico
,Mexico
,Mexico City, Distrito Federal, Mexico
,Estudios América, Mexico City, Distrito Federal, Mexico
,Huivulay, Mexico
,Pedriceña, Durango, Mexico
"
Nacho Libre ,2006,5.8,"Comedy,Family","Oaxaca, Mexico
,Monte Alban, Oaxaca, Mexico
,Mexican Street, Backlot, Universal Studios - 100 Universal City Plaza, Universal City, California, USA
"
Planet Terror ,2007,7.1,"Action,Adventure","Tulum, Quintana Roo, Mexico
,Austin, Texas, USA
,Luling, Texas, USA
,Texas, USA
,USA
,Williamson County Texas, USA
"
The Legend of Zorro ,2005,6.0,"Action,Adventure","Mexico
,Wellington, New Zealand
,New Zealand
,Stone Street Studios, Stone Street, Miramar, Wellington, New Zealand
,San Luis Potosi, San Luis Potosí, Mexico
"
Desperado ,1995,7.2,"Action,Crime","Ciudad Acuña, Coahuíla, Mexico
,Coahuíla, Mexico
,Mexico
"
Dragonball Evolution ,2009,2.5,"Action,Adventure","Sierra de Organos, Sombrerete, Zacatecas, Mexico
,20th Century Fox Studios - 10201 Pico Blvd., Century City, Los Angeles, California, USA
,Churubusco Studios, Mexico City, Distrito Federal, Mexico
,Hacienda la Providencia, Durango, Mexico
,Instituto de Cultura del Estado de Durango, Durango, Mexico
,Laguna Seca de Santiaguillo, Durango, Mexico
,Las Dunas De Bilbao, Torreón, Coahuila, Mexico
,Los Angeles, California, USA
,Mexiquillo, Durango, Mexico
,Nevado de Toluca, Estado de México, Mexico
,Palenque, Chiapas, Mexico
,Parque Nacional Sierra de Órganos, Zacatecas, Mexico
,Racho Marley, Durango, Mexico
,Rancho la Joya, Durango, Mexico
,Santa Fe, Mexico City, Distrito Federal, Mexico
,Universidad Tecnológica de México, Mexico City, Distrito Federal, Mexico
,Victoria de Durango, Durango, Mexico
,Winnipeg, Manitoba, Canada
"
Amores Perros ,2000,8.1,"Drama,Thriller","Colonia Condesa, Mexico City, Distrito Federal, Mexico
,Lomas de Chapultepec, Mexico City, Distrito Federal, Mexico
,Mexico City, Distrito Federal, Mexico
,Mexico
"
Original Sin ,2001,6.1,"Drama,Mystery","Estudios Churubusco Azteca, Mexico City, Distrito Federal, Mexico
,Mexico
,Wapping Pierhead, London, England, UK
"
El Chapo             ,,7.8,"Crime,Drama",
Babel ,2006,7.4,"Drama,10 November 2006 (USA)
","Ouarzazate, Morocco
,Azabu-Juban, Tokyo, Japan
,Taguenzalt, Morocco
,Tecate, Baja California Norte, Mexico
,Shinjuku, Tokyo, Japan
,Sonora, Mexico
,Tijuana, Baja California Norte, Mexico
,Casablanca, Morocco
,Shibuya-ku, Tokyo, Japan
,Ibaragi, Tochigi, Japan
,Mexico
,San Diego, California, USA
,San Ysidro, San Diego, California, USA
,Center Gai, Shibuya-ku, Tokyo, Japan
,Tokyo, Japan
,Japan
,Morocco
,USA
"
La Reina del Sur             ,,8.1,"Action,Crime","Spain
,Romania
,Morocco
,Colombia
,Mexico
,San Diego, California, USA
"
Overboard ,2018,6.0,"Comedy,Romance","Steveston, Richmond, British Columbia, Canada
"
Licence to Kill ,1989,6.6,"Action,Adventure","Ernest Hemingway Museum - 907 Whitehead Street, Key West, Florida Keys, Florida, USA
,Otomi Ceremonial Center, Toluca, Estado de México, Mexico
,Acapulco, Guerrero, Mexico
,Seven Mile Bridge, Florida Keys, Florida, USA
,707 South Street, Key West, Florida Keys, Florida, USA
,Acapulco Bay, Acapulco, Guerrero, Mexico
,Di Portanova Estate, Las Brisas, Acapulco, Guerrero, Mexico
,Mexicali, Baja California Norte, Mexico
,U.S. Coast Guard Sector Key West - 100 Trumbo Road, Key West, Florida Keys, Florida, USA
,Acapulco Airport, Acapulco, Guerrero, Mexico
,Harbour Lights Bar - 711 Eisenhower Drive, Key West, Florida Keys, Florida, USA
,Key West International Airport - South Roosevelt Boulevard, Key West, Florida Keys, Florida, USA
,Key West Lighthouse - 938 Whitehead Street, Key West, Florida Keys, Florida, USA
,Mallory Square, Key West, Florida Keys, Florida, USA
,Marathon, Florida, USA
,Mexico City, Distrito Federal, Mexico
,Mexico
,Old War Office Building, Whitehall, Westminster, London, England, UK
,Snipe Point, Key West, Florida Keys, Florida, USA
,Southernmost Point, Key West, Florida Keys, Florida, USA
,St. Mary's Star of the Sea Catholic Church - 1010 Windsor Lane, Key West, Florida Keys, Florida, USA
,Sugarloaf Shores Airport, Sugarloaf Key, Florida Keys, Florida, USA
,Churubusco Studios, Mexico City, Distrito Federal, Mexico
,El Teatro de la Ciudad, 36 Donceles, Mexico City, Distrito Federal, Mexico
,Florida Bay, Florida, USA
,Garrison Bight Causeway, Key West, Florida Keys, Florida, USA
,Garrison Bight Marina and Causeway, Key West, Florida Keys, Florida, USA
,Garrison Bight, Key West, Florida Keys, Florida, USA
,Isla Mujeres, Quintana Roo, Mexico
,Key Largo, Florida, USA
,Key Vaca, Florida Keys, Florida, USA
,Key West, Florida Keys, Florida, USA
,Naval Air Station, Key West, Florida Keys, Florida, USA
,Old Town, Key West, Florida Keys, Florida, USA
,Post Office Of Mexico City, Mexico City, Distrito Federal, Mexico
,Quintana Roo, Mexico
,Rumorosa Pass, Mexicali, Baja California Norte, Mexico
,Veracruz, Mexico
,Villa Arabesque, Acapulco, Guerrero, Mexico
,Westminster, London, England, UK
,Whitehall, Westminster, London, England, UK
,Yucatan Peninsula, Mexico
,Mexico
,Miami-Dade County, Florida, USA
,Florida Keys, Florida, USA
,Sugarloaf Key, Florida Keys, Florida, USA
,Sugarloaf Airstrip, Sugarloaf Shores Airport, Sugarloaf Key, Florida Keys, Florida, USA
,Overseas Highway, Key Largo, Florida, USA
,Toluca, Estado de México, Mexico
,Airport, Acapulco, Guerrero, Mexico
,Biblioteca de la Banca de Mexico, Mexico City, Distrito Federal, Mexico
,Cancún, Benito Juárez, Quintana Roo, Mexico
,Casino Espagnol, Mexico City, Distrito Federal, Mexico
,Centro Histórico, Mexico City, Distrito Federal, Mexico
,Durango, Mexico
,El Centro, Mexico City, Distrito Federal, Mexico
,El Centro, Mexico
,Estado de México, Mexico
,Florida Straits, Florida, USA
,Gran Hotel de la Ciudad de Mexico, Calle 16 de Septiembre Zocale, Mexico City, Distrito Federal, Mexico
,Guerrero, Mexico
,Las Brisas, Acapulco, Guerrero, Mexico
,Monroe County, Florida, USA
,Atlantic Ocean
,England, UK
,Gulf of Mexico, Mexico
,London, England, UK
"
Deep Blue Sea ,1999,5.9,"Action,Adventure","Fox Baja Studios, Rosarito, Baja California Norte, Mexico
,Rosarito, Baja California Norte, Mexico
,Mexico
,San Diego, California, USA
"
Trollhunters: Tales of Arcadia             ,,8.5,"Animation,Action",
Romancing the Stone ,1984,6.9,"Action,Adventure","Huasca de Ocampo, Hidalgo, Mexico
,Jalapa, Veracruz, Mexico
,Zion National Park, Utah, USA
,Mexico City, Distrito Federal, Mexico
,St. George, Utah, USA
,Veracruz, Veracruz, Mexico
,Xico, Veracruz, Mexico
,Veracruz, Mexico
,Jalcomulco, Veracruz, Mexico
,Barraca Grande, Mexico
,Valle de Silencio, Mexico
,New York City, New York, USA
,El Arenal, Durango, Mexico
,Tonaya, Jalisco, Mexico
,Huasca de Ocampo, Hidalgo, Mexico
"
Antlers ,2021,,"Horror,Mystery","Hope, British Columbia, Canada
"
Man on Fire ,2004,7.7,"Action,Crime","Naples, Campania, Italy
,Ciudad Juárez, Chihuahua, Mexico
,El Paso, Texas, USA
,Puebla, Mexico
,Mexico City, Distrito Federal, Mexico
,Churubusco Studios, Mexico City, Distrito Federal, Mexico
,Los Angeles, California, USA
,Mexico
,Italy
,USA
,California, USA
"
The Professor and the Madman ,2019,7.3,"Biography,Drama",
Rambo: First Blood Part II ,1985,6.5,"Action,Adventure","Acapulco, Guerrero, Mexico
,Tecoanapa, Guerrero, Mexico
,Mexico
,Sierra Madre del Sur de Chiapas, Mexico
,Sierra Madre del Sur de Oaxaca, Mexico
"
Dad Wanted ,2020,5.7,"Comedy,Drama",Not available
The Mask of Zorro ,1998,6.7,"Action,Adventure","Durango, Mexico
,Guaymas, Sonora, Mexico
,San Blas hacienda, Lopez Mateos, Tlaxcala, Mexico
,Santa Maria Regla, Hidalgo, Mexico
,Atotonilico de Tula, Hidalgo, Mexico
,Hidalgo, Mexico
,Tetlapayac, Hidalgo, Mexico
,Toluca, Estado de México, Mexico
,Orlando, Florida, USA
,Pachuca, Hidalgo, Mexico
,Estudios Churubusco Azteca, Mexico City, Distrito Federal, Mexico
"
Frida ,2002,7.4,"Biography,Drama","Barrio del Alto, Puebla, Mexico
,San Luis Potosi, San Luis Potosí, Mexico
,Mexico City, Distrito Federal, Mexico
,Teotihuacán, San Juan Teotihuacán, Estado de México, Mexico
,Estudios Churubusco Azteca, Mexico City, Distrito Federal, Mexico
"
Narcos: Mexico             ,,8.4,"Crime,Drama",Not available
Roma ,2018,7.7,"Drama,21 November 2018 (USA)
","Mexico City, Distrito Federal, Mexico
,21 Tepeji, Roma Sur, Ciudad de México, Mexico
,Mexico
,Teatro Metropolitan, Mexico City, Mexico
"
Traffic ,2000,7.6,"Crime,Drama","Cincinnati, Ohio, USA
,Columbus, Ohio, USA
,El Paso Intelligence Center - 11339 SSG Sims Street, El Paso, Texas, USA
,El Paso, Texas, USA
,La Jolla, San Diego, California, USA
,Cleveland, Ohio, USA
,Tijuana, Baja California Norte, Mexico
,Ohio Statehouse - 1 Capitol Square, Columbus, Ohio, USA
,Balboa Park - 1549 El Prado, San Diego, California, USA
,Mexico City, Distrito Federal, Mexico
,Mission Bay, San Diego, California, USA
,Pasadena, California, USA
,Rancho Bernardo Inn - 17550 Bernardo Oaks Drive, San Diego, California, USA
,San Diego, California, USA
,Whitefield Street, La Jolla, San Diego, California, USA
,California, USA
,New Mexico, USA
,Ohio, USA
,A-1 Self Storage, 1190-B W. Morena Boulevard, San Diego, California, USA
,Box Canyon, Las Cruces, New Mexico, USA
,Craven Estate - 430 Madeline Avenue, Pasadena, California, USA
,Nogales, Arizona, USA
,Nogales, Sonora, Mexico
,Texas, USA
,USA
,Arizona, USA
,Las Cruces International Airport - 8960 Zia Boulevard, Las Cruces, New Mexico, USA
,Los Angeles, California, USA
,San Ysidro, New Mexico, USA
,Washington, District of Columbia, USA
"
Crimson Peak ,2015,6.5,"Horror,Thriller","Kingston, Ontario, Canada
,Hamilton, Ontario, Canada
,Dundurn Castle, Hamilton, Ontario, Canada
,Casa Loma, Toronto, Ontario, Canada
,Victoria College, University of Toronto, Toronto, Ontario, Canada
,Pinewood Toronto Studios, Port Lands, Toronto, Ontario, Canada
,Toronto, Ontario, Canada
,Ontario, Canada
,Canada
,Scottish Rite, 4 Queen Street South, Hamilton, Ontario, Canada
,Kendall, Clarington, ON, Canada
"
Power Rangers ,2017,5.9,"Action,Adventure","Kamloops, British Columbia, Canada
,Vancouver, British Columbia, Canada
,Steveston, Richmond, British Columbia, Canada
,3580 Moncton Street, Richmond, British Columbia, Canada
,Templeton Secondary School, Vancouver, British Columbia, Canada
"
Elysium ,2013,6.6,"Action,Drama","Mexico City, Distrito Federal, Mexico
,Punta de Mita, Nayarit, Mexico
,Bear Creek Park, Surrey, British Columbia, Canada
,Vancouver, British Columbia, Canada
,Mexico
,Canada
,British Columbia, Canada
,New York City, New York, USA
"
Dark Desire             ,,6.3,"Drama,Mystery","Mexico City
,New York, USA
"
Y Tu Mamá También ,2001,7.6,"Drama,12 October 2001 (Colombia)
","Tepelmeme Villa de Morelos, Oaxaca, Mexico
,Puerto Escondido, Oaxaca, Mexico
,Wings, Paseo de la Reforma No. 108, Col. Juárez, Del. Cuauhtemoc, Mexico City, Mexico
,Huatulco, Oaxaca, Mexico
,Mexico City, Distrito Federal, Mexico
,Mexico
,Hotel Guelaguetza, Rayón 215, Centro, 68000, Oaxaca de Juárez
"
Sicario ,2015,7.6,"Action,Crime","El Paso, Texas, USA
,Albuquerque, New Mexico, USA
,Mexico City, Distrito Federal, Mexico
,Motel 1, 2001 Candelaria Rd NE, Albuquerque, New Mexico, USA
,Wild Pony Bar - 4555 Hwy 314 SW, Los Lunas, New Mexico, USA
,Corrales, New Mexico, USA
,Ciudad Juárez, Chihuahua, Mexico
,9620 Candelaria Road NE, Albuquerque, New Mexico, USA
"
Apocalypto ,2006,7.8,"Action,Adventure","Las Tuxtlas, Veracruz, Mexico
,San Andres Chicahuaxtla, Oaxaca, Mexico
,Catemaco, Veracruz, Mexico
,Mexico
,Polgaver Beach, Carylon Bay,Saint Austell, UK
,Sierra Madre del Sur de Oaxaca, Mexico
,Sierra Madre del Sur de Chiapas, Mexico
"
No Country for Old Men ,2007,8.1,"Crime,Drama","Marfa, Texas, USA
,Desert Sands Motor Hotel - 5000 Central Avenue Southeast, Albuquerque, New Mexico, USA
,Big Bend National Park, Texas, USA
,Las Vegas, New Mexico, USA
,El Camino Motel & Restaurant - 1152 North Grand Avenue, Las Vegas, New Mexico, USA
,Albuquerque, New Mexico, USA
,Piedras Negras, Coahuíla, Mexico
,Santa Fe, New Mexico, USA
,Garson Studios, College of Santa Fe - 1600 Saint Michaels Drive, Santa Fe, New Mexico, USA
,Regal Motel, 1809 N. Grand Ave., Las Vegas, New Mexico, USA
,Historic Plaza Hotel, 230 Plaza Park, Las Vegas, New Mexico, USA
"
Queen of the South             ,,7.9,"Action,Crime","Morocco
,Spain
,Dallas, Texas, USA
,Costa Rica
,Waxahachie, Texas, USA
,Lancaster, Texas, USA
,Malta
"
Narcos             ,,8.8,"Biography,Crime","Bogotá, Colombia
,Cali, Valle del Cauca, Colombia
,Cartagena, Colombia
,Medellin, Colombia
"
Spectre ,2015,6.8,"Action,Adventure","Mexico City, Mexico
,Erfoud, Morocco
,Sölden, Austria
,Rome, Lazio, Italy
,Ice Q Restaurant, Das Central Hotel, Auweg 3, Sölden, Austria
,Tangier, Morocco
,Lake Altausee, Austria
,Oujda, Morocco
,Obertilliach, Austria
,London, England, UK
,Stanley Crescent, Notting Hill, London, England, UK
,Blenheim Palace, Woodstock, Oxfordshire, England, UK
,The Kasbah, Tangier, Morocco
,Rule's Restaurant, Covent Garden, London, England, UK
,Gran Hotel de la Ciudad de Mexico, Calle 16 de Septiembre Zocale, Mexico City, Distrito Federal, Mexico
,Zócalo, Colonia Centro, Cuauhtémoc, Mexico City, Distrito Federal, Mexico
,Westminster Bridge, Westminster, London, England, UK
,Tolsa Square, Mexico City, Distrito Federal, Mexico
,Plaza de la Constitucion, Mexico City, Distrito Federal, Mexico
,Cable Car Station, Das Central Hotel, Auweg 3, Sölden, Austria
,The Colosseum, Rome, Lazio, Italy
,Villa di Fiorano, Via Appia Antica, Rome, Lazio, Italy
,Riverwalk House, Millbank, London, England, UK
,Mexico City, Distrito Federal, Mexico
,Ötztal Glacier Road, Rettenbach, Austria
,Colonia Centro, Mexico City, Distrito Federal, Mexico
,Trastevere, Rome, Lazio, Italy
,Freemason's Hall, Great Queen Street, Covent Garden, London, England, UK
,Drummonds Bank Building, Spring Gardens, London, England, UK
,National Museum of Art, Mexico City, Distrito Federal, Mexico
,Pinewood Studios, Iver Heath, Buckinghamshire, England, UK
,Garibaldi Museum, Largo di Porta San Pancrazio 9, Rome, Lazio, Italy
,Tiber River, Rome, Lazio, Italy
,St. Peter's Square, Vatican City
,Liezen, Austria
,Albert R. Broccoli 007 Stage, Pinewood Studios, Iver Heath, Buckinghamshire, England, UK
,EUR, Rome, Lazio, Italy
,Tolsá Plaza, Mexico City, Distrito Federal, Mexico
,The Home of the Mayor, London, England, UK
,Forum Romanum, Rome, Lazio, Italy
,Ausseerland, Steiermark, Austria
,Corso Vittorio, Rome, Lazio, Italy
,City Hall, London, England, UK
,Lungotevere, Rome, Lazio, Italy
,Basilica of St. Paul outside the Walls, Rome, Lazio, Italy
,Piazza Giovanni Agnelli, Rome, Lazio, Italy
,Theatre of Marcellus, Rome, Lazio, Italy
,1 Stanley Crescent, Notting Hill, London, England, UK
,Street Tacuba, Mexico City, Distrito Federal, Mexico
,Borgo Vittorio, Rome, Lazio, Italy
,Via Panisperna, Rome, Lazio, Italy
,Altaussee, Austria
,Birgler Kapelle, Kartitsch, Austria
,Jagdhaus Seewiese, Altaussee, Austria
,Ausseerland-Salzkammergut, Austria
,Spring Gardens, London, England, UK
,Gaislachkogl Mountain, Sölden, Austria
,Scalo De Pinedo, Rome, Lazio, Italy
,Ponte Sisto, Rome, Lazio, Italy
,Kartitsch, Austria
,Notting Hill, London, England, UK
,Colonia Centro, Cuauhtémoc, Mexico City, Distrito Federal, Mexico
,Cuauhtémoc, Mexico City, Distrito Federal, Mexico
,Mexico City Cathedral, Mexico City, Distrito Federal, Mexico
,The Palace of Mining, Mexico City, Distrito Federal, Mexico
,Altare della Patria, Piazza Venezia, Rome, Lazio, Italy
,Admiralty Arch, The Mall, St. James's, London, England, UK
,Westminster Abbey, Westminster, London, England, UK
,Via del Teatro di Marcello, Rome, Lazio, Italy
,Vauxhall, London, England, UK
,Camden, London, England, UK
,The Quattro Fontane, Rome, Lazio, Italy
,Via del Quirinale, Rome, Lazio, Italy
,Janiculum Hill, Rome, Lazio, Italy
,Circus Maximus, Rome, Lazio, Italy
,Fontana dell'Acqua Paola, Janiculum Hill, Rome, Lazio, Italy
,Nomentana Avenue Giulio Cesare, Rome, Lazio, Italy
,Giulio Cesare, Rome, Lazio, Italy
,Nomentana Avenue, Rome, Lazio, Italy
,Aventine Hill, Rome, Lazio, Italy
,Testaccio, Rome, Lazio, Italy
,Tiber River Waterfront, Rome, Lazio, Italy
,Museo della Civiltà Romana, Piazza Giovanni Agnelli, Rome, Lazio, Italy
,Via Appia Antica, Rome, Lazio, Italy
,Rettenbach, Austria
,Via della Conciliazione, Rome, Lazio, Italy
,Porta San Pancrazio, Rome, Lazio, Italy
,Passetto di Borgo, Rome, Lazio, Italy
,Ponte Mazzini, Rome, Lazio, Italy
,Ponte Sant'Angelo, Rome, Lazio, Italy
,Royal Borough of Kensington and Chelsea, London, England, UK
,Lambeth Bridge, Millbank, London, England, UK
,Treasury Building, Great George Street, Whitehall, London, England, UK
,Regent's Canal, Camden Lock, London, England, UK
,Westminster Bridge Road, London, England, UK
,Sisto Bridge, Rome, Lazio, Italy
,St. James's, London, England, UK
,St. Peter's Basilica, Vatican City
,Corso Vittorio Emanuele II, Rome, Lazio, Italy
,Via Nomentana, Rome, Lazio, Italy
,Piazza Trilussa, Rome, Lazio, Italy
,Backlot, Pinewood Studios, Iver Heath, Buckinghamshire, England, UK
,Westminster Bridge, Lambeth, London, England, UK
,Lambeth, London, England, UK
,Westminster, London, England, UK
,Trafalgar Square, St James's, London, England, UK
,London Assembly, London, England, UK
,B Stage, Pinewood Studios, Iver Heath, Buckinghamshire, England, UK
,D Stage, Pinewood Studios, Iver Heath, Buckinghamshire, England, UK
,Q Stage, Pinewood Studios, Iver Heath, Buckinghamshire, England, UK
,S Stage, Pinewood Studios, Iver Heath, Buckinghamshire, England, UK
,South Bank, Lambeth, London, England, UK
,County Hall, South Bank, Lambeth, London, England, UK
,Via delle Quattro Fontane, Rome, Lazio, Italy
,Piazza Navona, Rome, Lazio, Italy
,Stadium of Domitian, Rome, Lazio, Italy
,Hilton Hotel, Camden Lock, London, England, UK
,Tiefenbachferner Glacier, Rettenbach, Austria
,Rettenbachbachferner Glacier, Rettenbach, Austria
,Salzkammergut, Austria
,Steiermark, Austria
,Garden of the Oranges, Rome, Lazio, Italy
,Das Central Hotel, Auweg 3, Sölden, Austria
,Vatican City
,Austrian Alps, Austria
,Westminster, Westminster, London, England, UK
,Houses of Parliament, Westminster, London, England, UK
,Big Ben, Houses of Parliament, Westminster, London, England, UK
,River Thames, London, England, UK
,Vauxhall Cross - 85 Albert Embankment, Vauxhall, London, England, UK
,Lambeth Bridge, River Thames, London, England, UK
,Lambeth Bridge, Westminster, London, England, UK
,Regent's Canal, Islington, London, England, UK
,Great George Street, London, England, UK
,The Mall, St. James's, London, England, UK
,Covent Garden, London, England, UK
,Vauxhall Bridge, Westminster, London, England, UK
,Teatro di Marcello, Via del Teatro di Marcello, Rome, Lazio, Italy
,Hungerford Bridge, London, England, UK
,Camden Lock, Chalk Farm Road, Camden, London, England, UK
,Woodstock, Oxfordshire, England, UK
,Oxfordshire, England, UK
,A Stage, Pinewood Studios, Iver Heath, Buckinghamshire, England, UK
,C Stage, Pinewood Studios, Iver Heath, Buckinghamshire, England, UK
,H Stage, Pinewood Studios, Iver Heath, Buckinghamshire, England, UK
,R Stage, Pinewood Studios, Iver Heath, Buckinghamshire, England, UK
,Millbank, Westminster, London, England, UK
,Islington, London, England, UK
,Tirol, Austria
,Ötztal Alps , Austria
,Gostenwald Forest, Austria
,Canals, Camden Lock, London, England, UK
,Styria, Austria
,Whitehall, Westminster, London, England, UK
,Antonello Venditti, Rome, Lazio, Italy
,Centro Histórico District, Mexico City, Distrito Federal, Mexico
,Palenque, Chiapas, Mexico
"
Titanic ,1997,7.8,"Drama,Romance","Titanic wreck, Titanic Canyon, North Atlantic, Atlantic Ocean
,Fox Baja Studios, Rosarito, Baja California Norte, Mexico
,Halifax, Nova Scotia, Canada
,Vancouver, British Columbia, Canada
,Rosarito, Baja California Norte, Mexico
,Belmont Olympic Pool - 4000 E. Olympic Plaza, Long Beach, California, USA
,S.S. Lane Victory, Pier 94, San Pedro, Los Angeles, California, USA
,S.S. Jeremiah O'Brien, San Francisco, California, USA
,Santa Clarita, California, USA
"
Bad Boys for Life ,2020,6.6,"Action,Comedy","Atlanta, Georgia, USA
,Yautepec, Morelos, Mexico
,Naucalpan, Estado de México, Mexico
,Miami, Florida, USA
"
Fear the Walking Dead             ,,6.9,"Drama,Horror","Vancouver, British Columbia, Canada
,Burnaby, British Columbia, Canada
,Baja Studios, BC, Mexico
,El Sereno, Los Angeles, California, USA
,Los Angeles, California, USA
,Long Beach, California, USA
,Texas, USA
,Dell Diamond Stadium - 3400 East Palm Valley Blvd., Round Rock, Texas, USA
,New Braunfels, Texas, USA
,Taylor, Texas, USA
,Mexico
,Round Rock, Texas, USA
,Gonzales, Texas, USA
"
